﻿Designator,Footprint,Quantity,Value,LCSC Part #
"C1, C10, C11, C13, C14, C15, C2, C4, C6, C7",0805,10,0.1uF,
"C12, C3, C5, C9",0805,4,10uF,
"C17, C8",0805,2,1uF,
"D1, D2",D_SOD-323,2,1N5819WS,
"D3, D4",SOT143B,2,PRTR5V0U2X_215,
"D5, D6",0603,2,LED,
"J1, J2",HRO_TYPE-C-31-M-12,2,USB_C_Receptacle_USB2.0_16P,
"J3, J4",PinSocket_2x05_P2.00mm_Vertical,2,Connector_Generic:Conn_02x05_Top_Bottom,
"J5, J6",GCT_BD050-10-A-1-0500-L-D,2,SFM-105-01-L-S,
"J7, J8",PinHeader_1x06_P2.54mm_Vertical,2,Conn_01x06,
J9,JST_PH_B2B-PH-K_1x02_P2.00mm_Vertical,1,Conn_02x01,
"MK1, MK2, MK5, MK6",MIC_CMM-4030D-261-I2S-TR,4,CMM-4030D-261-I2S-TR,
"MOUSE-BITE-3MM-SLOT, MOUSE-BITE-3MM-SLOT-2, MOUSE-BITE-3MM-SLOT-3, MOUSE-BITE-3MM-SLOT-4, MOUSE-BITE-3MM-SLOT-5, MOUSE-BITE-3MM-SLOT-6_3, MOUSE-BITE-3MM-SLOT-6_2, MOUSE-BITE-3MM-SLOT-6",mouse-bite-3mm-slot,8,0,
"R1, R2, R6, R7",0805,4,5.1K,
"R10, R5",SolderJumper-2_P1.3mm_Open_RoundedPad1.0x1.5mm,2,0,
"R11, R13",0603,2,10K,
"R12, R14, R20, R21",0603,4,1K,
"R3, R4, R8, R9",0805,4,100k,
"SW1, SW2",SW_SPST_PTS647_Sx38,2,SW_Push,
"U1, U8",ESP32-S3-WROOM-1U,2,ESP32-S3-WROOM-1U-N8R8,
U3,SOT-223-3_TabPin2,1,LT1963AxST-3.3,
